{"assets/fonts/Iranian Sans.ttf":["assets/fonts/Iranian Sans.ttf"],"assets/fonts/Shabnam.ttf":["assets/fonts/Shabnam.ttf"],"assets/fonts/Yekan.ttf":["assets/fonts/Yekan.ttf"],"assets/fonts/calibril.ttf":["assets/fonts/calibril.ttf"],"assets/images/404.png":["assets/images/404.png"],"assets/images/404_2.png":["assets/images/404_2.png"],"assets/images/back.png":["assets/images/back.png"],"assets/images/back_flower.jpg":["assets/images/back_flower.jpg"],"assets/images/back_flower_3.jpg":["assets/images/back_flower_3.jpg"],"assets/images/baladmap.png":["assets/images/baladmap.png"],"assets/images/flutterap.png":["assets/images/flutterap.png"],"assets/images/flutterap2.png":["assets/images/flutterap2.png"],"assets/images/forgotpass.jpg":["assets/images/forgotpass.jpg"],"assets/images/forgotpass.png":["assets/images/forgotpass.png"],"assets/images/googlemap.png":["assets/images/googlemap.png"],"assets/images/illustaration3.png":["assets/images/illustaration3.png"],"assets/images/img1.jpg":["assets/images/img1.jpg"],"assets/images/img2.jpg":["assets/images/img2.jpg"],"assets/images/img3.jpg":["assets/images/img3.jpg"],"assets/images/img4.jpg":["assets/images/img4.jpg"],"assets/images/lock.png":["assets/images/lock.png"],"assets/images/repairs.png":["assets/images/repairs.png"],"assets/images/signin.png":["assets/images/signin.png"],"assets/images/status1.png":["assets/images/status1.png"],"assets/images/status2.png":["assets/images/status2.png"],"assets/images/status3.png":["assets/images/status3.png"],"assets/images/status4.png":["assets/images/status4.png"],"assets/images/status5.png":["assets/images/status5.png"],"packages/awesome_dialog/assets/flare/error.flr":["packages/awesome_dialog/assets/flare/error.flr"],"packages/awesome_dialog/assets/flare/info.flr":["packages/awesome_dialog/assets/flare/info.flr"],"packages/awesome_dialog/assets/flare/info2.flr":["packages/awesome_dialog/assets/flare/info2.flr"],"packages/awesome_dialog/assets/flare/info_without_loop.flr":["packages/awesome_dialog/assets/flare/info_without_loop.flr"],"packages/awesome_dialog/assets/flare/question.flr":["packages/awesome_dialog/assets/flare/question.flr"],"packages/awesome_dialog/assets/flare/succes.flr":["packages/awesome_dialog/assets/flare/succes.flr"],"packages/awesome_dialog/assets/flare/succes_without_loop.flr":["packages/awesome_dialog/assets/flare/succes_without_loop.flr"],"packages/awesome_dialog/assets/flare/warning.flr":["packages/awesome_dialog/assets/flare/warning.flr"],"packages/awesome_dialog/assets/flare/warning_without_loop.flr":["packages/awesome_dialog/assets/flare/warning_without_loop.flr"],"packages/awesome_dialog/assets/rive/error.riv":["packages/awesome_dialog/assets/rive/error.riv"],"packages/awesome_dialog/assets/rive/info.riv":["packages/awesome_dialog/assets/rive/info.riv"],"packages/awesome_dialog/assets/rive/info_reverse.riv":["packages/awesome_dialog/assets/rive/info_reverse.riv"],"packages/awesome_dialog/assets/rive/question.riv":["packages/awesome_dialog/assets/rive/question.riv"],"packages/awesome_dialog/assets/rive/success.riv":["packages/awesome_dialog/assets/rive/success.riv"],"packages/awesome_dialog/assets/rive/warning.riv":["packages/awesome_dialog/assets/rive/warning.riv"],"packages/cupertino_icons/assets/CupertinoIcons.ttf":["packages/cupertino_icons/assets/CupertinoIcons.ttf"],"packages/fluttertoast/assets/toastify.css":["packages/fluttertoast/assets/toastify.css"],"packages/fluttertoast/assets/toastify.js":["packages/fluttertoast/assets/toastify.js"],"packages/font_awesome_flutter/lib/fonts/fa-brands-400.ttf":["packages/font_awesome_flutter/lib/fonts/fa-brands-400.ttf"],"packages/font_awesome_flutter/lib/fonts/fa-regular-400.ttf":["packages/font_awesome_flutter/lib/fonts/fa-regular-400.ttf"],"packages/font_awesome_flutter/lib/fonts/fa-solid-900.ttf":["packages/font_awesome_flutter/lib/fonts/fa-solid-900.ttf"],"packages/fx_flutterap_components/assets/fonts/Iranian Sans.ttf":["packages/fx_flutterap_components/assets/fonts/Iranian Sans.ttf"],"packages/fx_flutterap_components/assets/images/HistoryOutlined.svg":["packages/fx_flutterap_components/assets/images/HistoryOutlined.svg"],"packages/fx_flutterap_components/assets/images/baladmap.png":["packages/fx_flutterap_components/assets/images/baladmap.png"],"packages/fx_flutterap_components/assets/images/calender.svg":["packages/fx_flutterap_components/assets/images/calender.svg"],"packages/fx_flutterap_components/assets/images/cross.png":["packages/fx_flutterap_components/assets/images/cross.png"],"packages/fx_flutterap_components/assets/images/down.svg":["packages/fx_flutterap_components/assets/images/down.svg"],"packages/fx_flutterap_components/assets/images/ex1.png":["packages/fx_flutterap_components/assets/images/ex1.png"],"packages/fx_flutterap_components/assets/images/ex2.JPG":["packages/fx_flutterap_components/assets/images/ex2.JPG"],"packages/fx_flutterap_components/assets/images/ex3.JPG":["packages/fx_flutterap_components/assets/images/ex3.JPG"],"packages/fx_flutterap_components/assets/images/favorite.svg":["packages/fx_flutterap_components/assets/images/favorite.svg"],"packages/fx_flutterap_components/assets/images/googlemap.png":["packages/fx_flutterap_components/assets/images/googlemap.png"],"packages/fx_flutterap_components/assets/images/img0.jpg":["packages/fx_flutterap_components/assets/images/img0.jpg"],"packages/fx_flutterap_components/assets/images/img1.jpg":["packages/fx_flutterap_components/assets/images/img1.jpg"],"packages/fx_flutterap_components/assets/images/img2.jpg":["packages/fx_flutterap_components/assets/images/img2.jpg"],"packages/fx_flutterap_components/assets/images/img3.jpg":["packages/fx_flutterap_components/assets/images/img3.jpg"],"packages/fx_flutterap_components/assets/images/list.svg":["packages/fx_flutterap_components/assets/images/list.svg"],"packages/fx_flutterap_components/assets/images/migration.svg":["packages/fx_flutterap_components/assets/images/migration.svg"],"packages/fx_flutterap_components/assets/images/tick.png":["packages/fx_flutterap_components/assets/images/tick.png"],"packages/fx_flutterap_components/assets/svgs/CaretCircleLeft.svg":["packages/fx_flutterap_components/assets/svgs/CaretCircleLeft.svg"],"packages/fx_flutterap_components/assets/svgs/CaretCircleRight.svg":["packages/fx_flutterap_components/assets/svgs/CaretCircleRight.svg"],"packages/fx_flutterap_components/assets/svgs/CaretDoubleLeft.svg":["packages/fx_flutterap_components/assets/svgs/CaretDoubleLeft.svg"],"packages/fx_flutterap_components/assets/svgs/CaretDoubleRight.svg":["packages/fx_flutterap_components/assets/svgs/CaretDoubleRight.svg"],"packages/fx_flutterap_components/assets/svgs/CaretLeft.svg":["packages/fx_flutterap_components/assets/svgs/CaretLeft.svg"],"packages/fx_flutterap_components/assets/svgs/CaretRight.svg":["packages/fx_flutterap_components/assets/svgs/CaretRight.svg"],"packages/fx_flutterap_components/assets/svgs/ChatsCircle.svg":["packages/fx_flutterap_components/assets/svgs/ChatsCircle.svg"],"packages/fx_flutterap_components/assets/svgs/CheckCircle.svg":["packages/fx_flutterap_components/assets/svgs/CheckCircle.svg"],"packages/fx_flutterap_components/assets/svgs/Facebook.svg":["packages/fx_flutterap_components/assets/svgs/Facebook.svg"],"packages/fx_flutterap_components/assets/svgs/FacebookLogo.svg":["packages/fx_flutterap_components/assets/svgs/FacebookLogo.svg"],"packages/fx_flutterap_components/assets/svgs/Gauge.svg":["packages/fx_flutterap_components/assets/svgs/Gauge.svg"],"packages/fx_flutterap_components/assets/svgs/Gift.svg":["packages/fx_flutterap_components/assets/svgs/Gift.svg"],"packages/fx_flutterap_components/assets/svgs/GoogleLogo.svg":["packages/fx_flutterap_components/assets/svgs/GoogleLogo.svg"],"packages/fx_flutterap_components/assets/svgs/GraduationCap.svg":["packages/fx_flutterap_components/assets/svgs/GraduationCap.svg"],"packages/fx_flutterap_components/assets/svgs/InstagramLogo.svg":["packages/fx_flutterap_components/assets/svgs/InstagramLogo.svg"],"packages/fx_flutterap_components/assets/svgs/LinkedinLogo.svg":["packages/fx_flutterap_components/assets/svgs/LinkedinLogo.svg"],"packages/fx_flutterap_components/assets/svgs/Megaphone.svg":["packages/fx_flutterap_components/assets/svgs/Megaphone.svg"],"packages/fx_flutterap_components/assets/svgs/Plug.svg":["packages/fx_flutterap_components/assets/svgs/Plug.svg"],"packages/fx_flutterap_components/assets/svgs/Question.svg":["packages/fx_flutterap_components/assets/svgs/Question.svg"],"packages/fx_flutterap_components/assets/svgs/TwitterLogo.svg":["packages/fx_flutterap_components/assets/svgs/TwitterLogo.svg"],"packages/fx_flutterap_components/assets/svgs/WhatsappLogo.svg":["packages/fx_flutterap_components/assets/svgs/WhatsappLogo.svg"],"packages/fx_flutterap_components/assets/svgs/YoutubeLogo.svg":["packages/fx_flutterap_components/assets/svgs/YoutubeLogo.svg"],"packages/fx_flutterap_components/assets/svgs/add.svg":["packages/fx_flutterap_components/assets/svgs/add.svg"],"packages/fx_flutterap_components/assets/svgs/advanced.svg":["packages/fx_flutterap_components/assets/svgs/advanced.svg"],"packages/fx_flutterap_components/assets/svgs/arrowdown2.svg":["packages/fx_flutterap_components/assets/svgs/arrowdown2.svg"],"packages/fx_flutterap_components/assets/svgs/arrowup2.svg":["packages/fx_flutterap_components/assets/svgs/arrowup2.svg"],"packages/fx_flutterap_components/assets/svgs/backward.svg":["packages/fx_flutterap_components/assets/svgs/backward.svg"],"packages/fx_flutterap_components/assets/svgs/backward5seconds.svg":["packages/fx_flutterap_components/assets/svgs/backward5seconds.svg"],"packages/fx_flutterap_components/assets/svgs/bookmarks.svg":["packages/fx_flutterap_components/assets/svgs/bookmarks.svg"],"packages/fx_flutterap_components/assets/svgs/chart.svg":["packages/fx_flutterap_components/assets/svgs/chart.svg"],"packages/fx_flutterap_components/assets/svgs/clipboard.svg":["packages/fx_flutterap_components/assets/svgs/clipboard.svg"],"packages/fx_flutterap_components/assets/svgs/cross.svg":["packages/fx_flutterap_components/assets/svgs/cross.svg"],"packages/fx_flutterap_components/assets/svgs/danger.svg":["packages/fx_flutterap_components/assets/svgs/danger.svg"],"packages/fx_flutterap_components/assets/svgs/directinbox.svg":["packages/fx_flutterap_components/assets/svgs/directinbox.svg"],"packages/fx_flutterap_components/assets/svgs/document.svg":["packages/fx_flutterap_components/assets/svgs/document.svg"],"packages/fx_flutterap_components/assets/svgs/dollarsquare.svg":["packages/fx_flutterap_components/assets/svgs/dollarsquare.svg"],"packages/fx_flutterap_components/assets/svgs/down.svg":["packages/fx_flutterap_components/assets/svgs/down.svg"],"packages/fx_flutterap_components/assets/svgs/download.svg":["packages/fx_flutterap_components/assets/svgs/download.svg"],"packages/fx_flutterap_components/assets/svgs/emojihappy.svg":["packages/fx_flutterap_components/assets/svgs/emojihappy.svg"],"packages/fx_flutterap_components/assets/svgs/exit.svg":["packages/fx_flutterap_components/assets/svgs/exit.svg"],"packages/fx_flutterap_components/assets/svgs/fastforward.svg":["packages/fx_flutterap_components/assets/svgs/fastforward.svg"],"packages/fx_flutterap_components/assets/svgs/favoritechart.svg":["packages/fx_flutterap_components/assets/svgs/favoritechart.svg"],"packages/fx_flutterap_components/assets/svgs/folder.svg":["packages/fx_flutterap_components/assets/svgs/folder.svg"],"packages/fx_flutterap_components/assets/svgs/folder2.svg":["packages/fx_flutterap_components/assets/svgs/folder2.svg"],"packages/fx_flutterap_components/assets/svgs/folderfavorite.svg":["packages/fx_flutterap_components/assets/svgs/folderfavorite.svg"],"packages/fx_flutterap_components/assets/svgs/form.svg":["packages/fx_flutterap_components/assets/svgs/form.svg"],"packages/fx_flutterap_components/assets/svgs/forward.svg":["packages/fx_flutterap_components/assets/svgs/forward.svg"],"packages/fx_flutterap_components/assets/svgs/forward10seconds.svg":["packages/fx_flutterap_components/assets/svgs/forward10seconds.svg"],"packages/fx_flutterap_components/assets/svgs/gallery.svg":["packages/fx_flutterap_components/assets/svgs/gallery.svg"],"packages/fx_flutterap_components/assets/svgs/google.svg":["packages/fx_flutterap_components/assets/svgs/google.svg"],"packages/fx_flutterap_components/assets/svgs/heart.svg":["packages/fx_flutterap_components/assets/svgs/heart.svg"],"packages/fx_flutterap_components/assets/svgs/hearttick.svg":["packages/fx_flutterap_components/assets/svgs/hearttick.svg"],"packages/fx_flutterap_components/assets/svgs/home.svg":["packages/fx_flutterap_components/assets/svgs/home.svg"],"packages/fx_flutterap_components/assets/svgs/homehashtag.svg":["packages/fx_flutterap_components/assets/svgs/homehashtag.svg"],"packages/fx_flutterap_components/assets/svgs/image.svg":["packages/fx_flutterap_components/assets/svgs/image.svg"],"packages/fx_flutterap_components/assets/svgs/info.svg":["packages/fx_flutterap_components/assets/svgs/info.svg"],"packages/fx_flutterap_components/assets/svgs/infocircle.svg":["packages/fx_flutterap_components/assets/svgs/infocircle.svg"],"packages/fx_flutterap_components/assets/svgs/layer.svg":["packages/fx_flutterap_components/assets/svgs/layer.svg"],"packages/fx_flutterap_components/assets/svgs/map.svg":["packages/fx_flutterap_components/assets/svgs/map.svg"],"packages/fx_flutterap_components/assets/svgs/menu.svg":["packages/fx_flutterap_components/assets/svgs/menu.svg"],"packages/fx_flutterap_components/assets/svgs/message.svg":["packages/fx_flutterap_components/assets/svgs/message.svg"],"packages/fx_flutterap_components/assets/svgs/moon.svg":["packages/fx_flutterap_components/assets/svgs/moon.svg"],"packages/fx_flutterap_components/assets/svgs/notification.svg":["packages/fx_flutterap_components/assets/svgs/notification.svg"],"packages/fx_flutterap_components/assets/svgs/notificationbing.svg":["packages/fx_flutterap_components/assets/svgs/notificationbing.svg"],"packages/fx_flutterap_components/assets/svgs/oceanprotocol.svg":["packages/fx_flutterap_components/assets/svgs/oceanprotocol.svg"],"packages/fx_flutterap_components/assets/svgs/pages.svg":["packages/fx_flutterap_components/assets/svgs/pages.svg"],"packages/fx_flutterap_components/assets/svgs/pausecircle.svg":["packages/fx_flutterap_components/assets/svgs/pausecircle.svg"],"packages/fx_flutterap_components/assets/svgs/play.svg":["packages/fx_flutterap_components/assets/svgs/play.svg"],"packages/fx_flutterap_components/assets/svgs/playcircle.svg":["packages/fx_flutterap_components/assets/svgs/playcircle.svg"],"packages/fx_flutterap_components/assets/svgs/profilecircle.svg":["packages/fx_flutterap_components/assets/svgs/profilecircle.svg"],"packages/fx_flutterap_components/assets/svgs/refresh.svg":["packages/fx_flutterap_components/assets/svgs/refresh.svg"],"packages/fx_flutterap_components/assets/svgs/search.svg":["packages/fx_flutterap_components/assets/svgs/search.svg"],"packages/fx_flutterap_components/assets/svgs/search_white.svg":["packages/fx_flutterap_components/assets/svgs/search_white.svg"],"packages/fx_flutterap_components/assets/svgs/send.svg":["packages/fx_flutterap_components/assets/svgs/send.svg"],"packages/fx_flutterap_components/assets/svgs/setting.svg":["packages/fx_flutterap_components/assets/svgs/setting.svg"],"packages/fx_flutterap_components/assets/svgs/setting2.svg":["packages/fx_flutterap_components/assets/svgs/setting2.svg"],"packages/fx_flutterap_components/assets/svgs/share.svg":["packages/fx_flutterap_components/assets/svgs/share.svg"],"packages/fx_flutterap_components/assets/svgs/shoppingcart.svg":["packages/fx_flutterap_components/assets/svgs/shoppingcart.svg"],"packages/fx_flutterap_components/assets/svgs/square.svg":["packages/fx_flutterap_components/assets/svgs/square.svg"],"packages/fx_flutterap_components/assets/svgs/star.svg":["packages/fx_flutterap_components/assets/svgs/star.svg"],"packages/fx_flutterap_components/assets/svgs/sun.svg":["packages/fx_flutterap_components/assets/svgs/sun.svg"],"packages/fx_flutterap_components/assets/svgs/tick.svg":["packages/fx_flutterap_components/assets/svgs/tick.svg"],"packages/fx_flutterap_components/assets/svgs/ticksquare.svg":["packages/fx_flutterap_components/assets/svgs/ticksquare.svg"],"packages/fx_flutterap_components/assets/svgs/truckfast.svg":["packages/fx_flutterap_components/assets/svgs/truckfast.svg"],"packages/fx_flutterap_components/assets/svgs/up.svg":["packages/fx_flutterap_components/assets/svgs/up.svg"],"packages/fx_flutterap_components/assets/svgs/usdcoin.svg":["packages/fx_flutterap_components/assets/svgs/usdcoin.svg"],"packages/fx_flutterap_components/assets/svgs/video.svg":["packages/fx_flutterap_components/assets/svgs/video.svg"],"packages/fx_flutterap_components/assets/svgs/videocircle.svg":["packages/fx_flutterap_components/assets/svgs/videocircle.svg"],"packages/fx_flutterap_components/assets/svgs/volumehigh.svg":["packages/fx_flutterap_components/assets/svgs/volumehigh.svg"],"packages/wakelock_web/assets/no_sleep.js":["packages/wakelock_web/assets/no_sleep.js"]}