[{"family":"MaterialIcons","fonts":[{"asset":"fonts/MaterialIcons-Regular.otf"}]},{"family":"IranianSans","fonts":[{"asset":"assets/fonts/Iranian%20Sans.ttf"}]},{"family":"Shabnam","fonts":[{"asset":"assets/fonts/Shabnam.ttf"}]},{"family":"Yekan","fonts":[{"asset":"assets/fonts/Yekan.ttf"}]},{"family":"Calibrilight","fonts":[{"asset":"assets/fonts/calibril.ttf"}]},{"family":"packages/cupertino_icons/CupertinoIcons","fonts":[{"asset":"packages/cupertino_icons/assets/CupertinoIcons.ttf"}]},{"family":"packages/font_awesome_flutter/FontAwesomeBrands","fonts":[{"weight":400,"asset":"packages/font_awesome_flutter/lib/fonts/fa-brands-400.ttf"}]},{"family":"packages/font_awesome_flutter/FontAwesomeRegular","fonts":[{"weight":400,"asset":"packages/font_awesome_flutter/lib/fonts/fa-regular-400.ttf"}]},{"family":"packages/font_awesome_flutter/FontAwesomeSolid","fonts":[{"weight":900,"asset":"packages/font_awesome_flutter/lib/fonts/fa-solid-900.ttf"}]},{"family":"packages/fx_flutter_components/IranianSans","fonts":[{"asset":"packages/fx_flutter_components/assets/fonts/Iranian%20Sans.ttf"}]}]