[{"family":"MaterialIcons","fonts":[{"asset":"fonts/MaterialIcons-Regular.otf"}]},{"family":"ProductSansRegular","fonts":[{"asset":"assets/fonts/Product%20Sans%20Regular.ttf"}]},{"family":"Arabic","fonts":[{"asset":"assets/fonts/Arabic.ttf"}]},{"family":"Calibri","fonts":[{"asset":"assets/fonts/Calibri.ttf"}]},{"family":"Yekan","fonts":[{"asset":"assets/fonts/Yekan.ttf"}]},{"family":"packages/cupertino_icons/CupertinoIcons","fonts":[{"asset":"packages/cupertino_icons/assets/CupertinoIcons.ttf"}]},{"family":"packages/font_awesome_flutter/FontAwesomeBrands","fonts":[{"weight":400,"asset":"packages/font_awesome_flutter/lib/fonts/fa-brands-400.ttf"}]},{"family":"packages/font_awesome_flutter/FontAwesomeRegular","fonts":[{"weight":400,"asset":"packages/font_awesome_flutter/lib/fonts/fa-regular-400.ttf"}]},{"family":"packages/font_awesome_flutter/FontAwesomeSolid","fonts":[{"weight":900,"asset":"packages/font_awesome_flutter/lib/fonts/fa-solid-900.ttf"}]},{"family":"packages/fx_flutterap_components/ProductSansRegular","fonts":[{"asset":"packages/fx_flutterap_components/assets/fonts/Product%20Sans%20Regular.ttf"}]},{"family":"packages/fx_flutterap_components/Arabic","fonts":[{"asset":"packages/fx_flutterap_components/assets/fonts/Arabic.ttf"}]},{"family":"packages/fx_flutterap_components/Calibri","fonts":[{"asset":"packages/fx_flutterap_components/assets/fonts/Calibri.ttf"}]},{"family":"packages/fx_flutterap_components/Yekan","fonts":[{"asset":"packages/fx_flutterap_components/assets/fonts/Yekan.ttf"}]}]