{"nm":"loading","ddd":0,"h":400,"w":400,"meta":{"g":"@lottiefiles/toolkit-js 0.26.1"},"layers":[{"ty":4,"nm":"right","sr":1,"st":0,"op":50,"ip":0,"hd":false,"ddd":0,"bm":0,"hasMask":false,"ao":0,"ks":{"a":{"a":0,"k":[-106,40,0]},"s":{"a":1,"k":[{"o":{"x":0.333,"y":0},"i":{"x":0.667,"y":1},"s":[100,100,100],"t":14},{"o":{"x":0.333,"y":0},"i":{"x":0.667,"y":1},"s":[100,86,100],"t":15},{"o":{"x":0.333,"y":0},"i":{"x":0.667,"y":1},"s":[100,120,100],"t":25},{"o":{"x":0.333,"y":0},"i":{"x":0.667,"y":1},"s":[100,100,100],"t":29},{"o":{"x":0.333,"y":0},"i":{"x":0.667,"y":1},"s":[100,100,100],"t":41},{"o":{"x":0.333,"y":0},"i":{"x":0.667,"y":1},"s":[100,75,100],"t":43},{"o":{"x":0.333,"y":0},"i":{"x":0.833,"y":1},"s":[100,102,100],"t":45},{"s":[100,100,100],"t":47}]},"sk":{"a":0,"k":0},"p":{"a":1,"k":[{"o":{"x":0.167,"y":0},"i":{"x":0.224,"y":1},"s":[300,320,0],"t":16,"ti":[0,0,0],"to":[0,-23.108,0]},{"o":{"x":0.933,"y":0},"i":{"x":0.845,"y":1},"s":[300,181.353,0],"t":27,"ti":[0,-21.441,0],"to":[0,0,0]},{"o":{"x":0.493,"y":0},"i":{"x":0.482,"y":1},"s":[300,320,0],"t":41,"ti":[0,0,0],"to":[0,21.441,0]},{"o":{"x":0.167,"y":0},"i":{"x":0.843,"y":1},"s":[300,310,0],"t":45,"ti":[0,-1.667,0],"to":[0,0,0]},{"s":[300,320,0],"t":47}]},"r":{"a":0,"k":0},"sa":{"a":0,"k":0},"o":{"a":0,"k":100}},"ef":[],"shapes":[{"ty":"gr","bm":0,"hd":false,"nm":"Ellipse 1","it":[{"ty":"el","bm":0,"hd":false,"nm":"Ellipse Path 1","d":1,"p":{"a":0,"k":[0,0]},"s":{"a":0,"k":[40,40]}},{"ty":"st","bm":0,"hd":false,"nm":"Stroke 1","lc":1,"lj":1,"ml":4,"o":{"a":0,"k":100},"w":{"a":0,"k":0},"c":{"a":0,"k":[1,1,1]}},{"ty":"fl","bm":0,"hd":false,"nm":"Fill 1","c":{"a":0,"k":[0.2157,0.3804,0.9216]},"r":1,"o":{"a":0,"k":100}},{"ty":"tr","a":{"a":0,"k":[0,0]},"s":{"a":0,"k":[100,100]},"sk":{"a":0,"k":0},"p":{"a":0,"k":[-106.337,25.344]},"r":{"a":0,"k":0},"sa":{"a":0,"k":0},"o":{"a":0,"k":100}}]}],"ind":1},{"ty":4,"nm":"center","sr":1,"st":0,"op":50,"ip":0,"hd":false,"ddd":0,"bm":0,"hasMask":false,"ao":0,"ks":{"a":{"a":0,"k":[-106,40,0]},"s":{"a":1,"k":[{"o":{"x":0.333,"y":0},"i":{"x":0.667,"y":1},"s":[100,100,100],"t":11},{"o":{"x":0.333,"y":0},"i":{"x":0.667,"y":1},"s":[100,86,100],"t":12},{"o":{"x":0.333,"y":0},"i":{"x":0.667,"y":1},"s":[100,120,100],"t":22},{"o":{"x":0.333,"y":0},"i":{"x":0.667,"y":1},"s":[100,100,100],"t":26},{"o":{"x":0.333,"y":0},"i":{"x":0.667,"y":1},"s":[100,100,100],"t":38},{"o":{"x":0.333,"y":0},"i":{"x":0.667,"y":1},"s":[100,75,100],"t":40},{"o":{"x":0.333,"y":0},"i":{"x":0.833,"y":1},"s":[100,102,100],"t":42},{"s":[100,100,100],"t":44}]},"sk":{"a":0,"k":0},"p":{"a":1,"k":[{"o":{"x":0.167,"y":0},"i":{"x":0.224,"y":1},"s":[200,320,0],"t":13,"ti":[0,0,0],"to":[0,-23.108,0]},{"o":{"x":0.933,"y":0},"i":{"x":0.845,"y":1},"s":[200,181.353,0],"t":24,"ti":[0,-21.441,0],"to":[0,0,0]},{"o":{"x":0.493,"y":0},"i":{"x":0.482,"y":1},"s":[200,320,0],"t":38,"ti":[0,0,0],"to":[0,21.441,0]},{"o":{"x":0.167,"y":0},"i":{"x":0.843,"y":1},"s":[200,310,0],"t":42,"ti":[0,-1.667,0],"to":[0,0,0]},{"s":[200,320,0],"t":44}]},"r":{"a":0,"k":0},"sa":{"a":0,"k":0},"o":{"a":0,"k":100}},"ef":[],"shapes":[{"ty":"gr","bm":0,"hd":false,"nm":"Ellipse 1","it":[{"ty":"el","bm":0,"hd":false,"nm":"Ellipse Path 1","d":1,"p":{"a":0,"k":[0,0]},"s":{"a":0,"k":[40,40]}},{"ty":"st","bm":0,"hd":false,"nm":"Stroke 1","lc":1,"lj":1,"ml":4,"o":{"a":0,"k":100},"w":{"a":0,"k":0},"c":{"a":0,"k":[1,1,1]}},{"ty":"fl","bm":0,"hd":false,"nm":"Fill 1","c":{"a":0,"k":[0.2157,0.3804,0.9216]},"r":1,"o":{"a":0,"k":100}},{"ty":"tr","a":{"a":0,"k":[0,0]},"s":{"a":0,"k":[100,100]},"sk":{"a":0,"k":0},"p":{"a":0,"k":[-106.62,24.38]},"r":{"a":0,"k":0},"sa":{"a":0,"k":0},"o":{"a":0,"k":100}}]}],"ind":2},{"ty":4,"nm":"left","sr":1,"st":0,"op":50,"ip":0,"hd":false,"ddd":0,"bm":0,"hasMask":false,"ao":0,"ks":{"a":{"a":0,"k":[-106,40,0]},"s":{"a":1,"k":[{"o":{"x":0.333,"y":0},"i":{"x":0.667,"y":1},"s":[100,100,100],"t":8},{"o":{"x":0.333,"y":0},"i":{"x":0.667,"y":1},"s":[100,86,100],"t":9},{"o":{"x":0.333,"y":0},"i":{"x":0.667,"y":1},"s":[100,120,100],"t":19},{"o":{"x":0.333,"y":0},"i":{"x":0.667,"y":1},"s":[100,100,100],"t":23},{"o":{"x":0.333,"y":0},"i":{"x":0.667,"y":1},"s":[100,100,100],"t":35},{"o":{"x":0.333,"y":0},"i":{"x":0.667,"y":1},"s":[100,75,100],"t":37},{"o":{"x":0.333,"y":0},"i":{"x":0.833,"y":1},"s":[100,102,100],"t":39},{"s":[100,100,100],"t":41}]},"sk":{"a":0,"k":0},"p":{"a":1,"k":[{"o":{"x":0.167,"y":0},"i":{"x":0.224,"y":1},"s":[100,320,0],"t":10,"ti":[0,0,0],"to":[0,-23.108,0]},{"o":{"x":0.933,"y":0},"i":{"x":0.845,"y":1},"s":[100,181.353,0],"t":21,"ti":[0,-21.441,0],"to":[0,0,0]},{"o":{"x":0.493,"y":0},"i":{"x":0.482,"y":1},"s":[100,320,0],"t":35,"ti":[0,0,0],"to":[0,21.441,0]},{"o":{"x":0.167,"y":0},"i":{"x":0.843,"y":1},"s":[100,310,0],"t":39,"ti":[0,-1.667,0],"to":[0,0,0]},{"s":[100,320,0],"t":41}]},"r":{"a":0,"k":0},"sa":{"a":0,"k":0},"o":{"a":0,"k":100}},"ef":[],"shapes":[{"ty":"gr","bm":0,"hd":false,"nm":"Ellipse 1","it":[{"ty":"el","bm":0,"hd":false,"nm":"Ellipse Path 1","d":1,"p":{"a":0,"k":[0,0]},"s":{"a":0,"k":[40,40]}},{"ty":"st","bm":0,"hd":false,"nm":"Stroke 1","lc":1,"lj":1,"ml":4,"o":{"a":0,"k":100},"w":{"a":0,"k":0},"c":{"a":0,"k":[1,1,1]}},{"ty":"fl","bm":0,"hd":false,"nm":"Fill 1","c":{"a":0,"k":[0.2157,0.3804,0.9216]},"r":1,"o":{"a":0,"k":100}},{"ty":"tr","a":{"a":0,"k":[0,0]},"s":{"a":0,"k":[100,100]},"sk":{"a":0,"k":0},"p":{"a":0,"k":[-106.62,24.38]},"r":{"a":0,"k":0},"sa":{"a":0,"k":0},"o":{"a":0,"k":100}}]}],"ind":3}],"v":"5.9.0","fr":30,"op":50,"ip":0,"assets":[]}